'DIRPRE', 'DIRSUR', 'FULLNAME', 'SHA_CLASS', 'FID'
'W', '', 'W LAFAYETTE AVE', 'MART', '0'
'', '', 'BAKER ST', 'COLL', '1'
'', '', 'HAMILTON AVE', 'COLL', '2'
'', '', 'LIBERTY HEIGHTS AVE', 'PART', '3'
'', '', 'THE ALAMEDA', 'MART', '4'
'', '', 'EASTERN AVE', 'PART', '5'
'W', '', 'W 29TH ST', 'PART', '6'
'E', '', 'E HOFFMAN ST', 'LOC', '7'
'', '', 'PRESIDENT ST', 'FWY', '8'
'', '', 'HILTON PKWY', 'PART', '9'
'', '', 'MOORE AVE', 'COLL', '10'
'', '', 'GREENMOUNT AVE', 'PART', '11'
'', 'S', 'I 83 S', 'INT', '12'
'W', '', 'W NORTHERN PKWY', 'PART', '13'
'', '', 'I 295', 'FWY', '14'
'', '', 'CALLAWAY AVE', 'COLL', '15'
'', '', 'CHESTERFIELD AVE', 'COLL', '16'
'E', '', 'E FAIRMOUNT AVE', 'LOC', '17'
'', '', 'HARFORD ROAD', 'PART', '18'
'', '', 'SAINT PAUL ST', 'PART', '19'
'W', '', 'W GARRISON AVE', 'COLL', '20'
'', '', 'DOLPHIN ST', 'MART', '21'
'N', '', 'N GILMOR ST', 'COLL', '22'
'E', '', 'E 33RD ST', 'PART', '23'
'', '', 'LABYRINTH ROAD', 'COLL', '24'
'', '', 'MOSHER ST', 'COLL', '25'
'', '', 'MANNASOTA AVE', 'COLL', '26'
'S', '', 'S PULASKI ST', 'COLL', '27'
'', '', 'FREDERICK AVE', 'PART', '28'
'E', '', 'E LOMBARD ST', 'MART', '29'
'N', '', 'N MARTIN LUTHER KING JR BLVD', 'PART', '30'
'', '', 'POPLAR GROVE ST', 'COLL', '31'
'', '', 'SHANNON DR', 'COLL', '32'
'', '', 'ALAMEDA CIR', 'COLL', '33'
'W', '', 'W COLD SPRING LANE', 'PART', '34'
'', '', 'DRUID PARK LAKE DR', 'PART', '35'
'E', '', 'E PRATT ST', 'MART', '36'
'', '', 'MORAVIA ROAD', 'PART', '37'
'E', '', 'E COLD SPRING LANE', 'PART', '38'
'', '', 'KEY HWY', 'MART', '39'
'N', '', 'N MACON ST', 'COLL', '40'
'', '', 'ROLAND AVE', 'MART', '41'
'S', '', 'S CATON AVE', 'PART', '42'
'', '', 'DORITHAN ROAD', 'PART', '43'
'', '', 'CHURCH ST', 'MART', '44'
'', '', 'GREENSPRING AVE', 'MART', '45'
'', '', 'OLD HARFORD ROAD', 'MART', '46'
'E', '', 'E PRESTON ST', 'MART', '47'
'', '', 'PARK HEIGHTS AVE', 'MART', '48'
'W', '', 'W NORTH AVE', 'PART', '49'
'', '', 'WOODBOURNE AVE', 'MART', '50'
'N', '', 'N F0REST PARK AVE', 'MART', '51'
'', '', 'ARGONNE DR', 'MART', '52'
'', '', 'GARRISON BLVD', 'MART', '53'
'', '', 'BELAIR ROAD', 'PART', '54'
'', '', 'FAIRHAVEN AVE', 'COLL', '55'
'N', '', 'N PATTERSON PARK AVE', 'MART', '56'
'', 'N', 'I 95 N', 'INT', '57'
'N', '', 'N CHARLES ST', 'MART', '58'
'', '', 'BEECHDALE ROAD', 'COLL', '59'
'', '', 'FRANKFORD AVE', 'MART', '60'
'', '', 'GREENSPRING AVE', 'MART', '61'
'', '', 'YORK ROAD', 'PART', '62'
'W', '', 'W 41ST ST', 'MART', '63'
'', '', 'WICOMICO ST', 'COLL', '64'
'', '', 'PULASKI HWY', 'PART', '65'
'E', '', 'E CHASE ST', 'MART', '66'
'', '', 'HAYWARD AVE', 'COLL', '67'
'E', '', 'E BIDDLE ST', 'COLL', '68'
'S', '', 'S LAKEWOOD AVE', 'LOC', '69'
'', '', 'TODD AVE', 'COLL', '70'
'', '', 'UNION AVE', 'COLL', '71'
'', '', 'DUNDALK AVE', 'MART', '72'
'', '', 'WALTHER AVE', 'MART', '73'
'', '', 'GWYNN OAK AVE', 'COLL', '74'
'', '', 'WILDWOOD PKWY', 'COLL', '75'
'E', '', 'E 24TH ST', 'LOC', '76'
'', '', 'GUILFORD AVE', 'COLL', '77'
'', '', 'ANNAPOLIS ROAD', 'MART', '78'
'', '', 'ALLENDALE ST', 'COLL', '79'
'', '', 'GLENMORE AVE', 'COLL', '80'
'', '', 'WASHINGTON BLVD', 'PART', '81'
'', '', 'DOLFIELD AVE', 'COLL', '82'
'', '', 'PRESSTMAN ST', 'MART', '83'
'S', '', 'S CHARLES ST', 'COLL', '84'
'', '', 'WATERVIEW AVE', 'MART', '85'
'E', '', 'E BIDDLE ST', 'PART', '86'
'', '', 'PENNINGTON AVE', 'PART', '87'
'W', '', 'W SARATOGA ST', 'MART', '88'
'E', '', 'E NORTHERN PKWY', 'PART', '89'
'', 'N', 'I 83 N', 'INT', '90'
'', '', 'AISQUITH ST', 'LOC', '91'
'', '', 'FLEET ST', 'PART', '92'
'', '', 'LOCH RAVEN BLVD', 'MART', '93'
'N', '', 'N DUKELAND ST', 'COLL', '94'
'N', '', 'N EUTAW ST', 'MART', '95'
'', '', 'BOSTON ST', 'MART', '96'
'', '', 'BELLONA AVE', 'MART', '97'
'E', '', 'E FAYETTE ST', 'MART', '98'
'N', '', 'N LONGWOOD ST', 'COLL', '99'
'', '', 'WABASH AVE', 'MART', '100'
'', '', 'FLEET ST', 'COLL', '101'
'E', '', 'E BALTIMORE ST', 'MART', '102'
'', '', 'EUTAW PL', 'MART', '103'
'', '', 'BOSTON ST', 'PART', '104'
'', '', 'PIMLICO ROAD', 'COLL', '105'
'S', '', 'S HANOVER ST', 'MART', '106'
'', '', 'LOCH RAVEN BLVD', 'PART', '107'
'W', '', 'W HAMBURG ST', 'COLL', '108'
'W', '', 'W OSTEND ST', 'MART', '109'
'N', '', 'N HIGHLAND AVE', 'PART', '110'
'N', '', 'N WASHINGTON ST', 'PART', '111'
'', '', 'PARKSIDE DR', 'MART', '112'
'', '', 'FALLS ROAD', 'MART', '113'
'', '', 'BROENING HWY', 'MART', '114'
'W', '', 'W CENTRE ST', 'PART', '115'
'', '', 'ELLICOTT DWY', 'MART', '116'
'', '', 'HILLEN ROAD', 'PART', '117'
'E', '', 'E CROMWELL ST', 'COLL', '118'
'', '', 'FAIT AVE', 'LOC', '119'
'', '', 'GUSRYAN ST', 'COLL', '120'
'', '', 'REISTERSTOWN ROAD', 'PART', '121'
'W', '', 'W BELVEDERE AVE', 'MART', '122'
'', '', 'GITTINGS AVE', 'COLL', '123'
'', '', 'HARCOURT ROAD', 'COLL', '124'
'E', '', 'E MONUMENT ST', 'PART', '125'
'E', '', 'E 25TH ST', 'MART', '126'
'N', '', 'N MILTON AVE', 'COLL', '127'
'', '', 'TAYLOR AVE', 'MART', '128'
'E', '', 'E 39TH ST', 'MART', '129'
'E', '', 'E LANVALE ST', 'MART', '130'
'', '', 'MORAVIA PARK DR', 'MART', '131'
'', '', 'WINCHESTER ST', 'COLL', '132'
'N', '', 'N HILTON ST', 'COLL', '133'
'', '', 'CORSE AVE', 'MART', '134'
'', '', 'EDISON HWY', 'PART', '135'
'', '', 'WILKENS AVE', 'PART', '136'
'', '', 'KIRK AVE', 'COLL', '137'
'', '', 'MAUDE AVE', 'LOC', '138'
'', '', 'DRUID PARK DR', 'MART', '139'
'', '', 'ERDMAN AVE', 'PART', '140'
'', '', 'BOWLEYS LANE', 'COLL', '141'
'', '', "O'DONNELL ST", 'MART', '142'
'S', '', 'S WASHINGTON ST', 'PART', '143'
'E', '', 'E BIDDLE ST', 'MART', '144'
'', '', 'ALICEANNA ST', 'MART', '145'
'', '', 'QUARANTINE ROAD', 'COLL', '146'
'', '', 'AISQUITH ST', 'PART', '147'
'N', '', 'N MONROE ST', 'PART', '148'
'N', '', 'N WOLFE ST', 'MART', '149'
'', '', 'RIDGECROFT ROAD', 'COLL', '150'
'', '', "O'DONNELL ST CUT OFF", 'PART', '151'
'', '', 'GWYNNS FALLS PKWY', 'MART', '152'
'', '', 'HAWKINS POINT ROAD', 'PART', '153'
'', '', 'WETHEREDSVILLE ROAD', 'LOC', '154'
'E', '', 'E 28TH ST', 'PART', '155'
'N', '', 'N LAKEWOOD AVE', 'COLL', '156'
'N', '', 'N LINWOOD AVE', 'COLL', '157'
'N', '', 'N CHARLES ST', 'MART', '158'
'N', '', 'N CALVERT ST', 'PART', '159'
'', '', 'RUSSELL ST', 'PART', '160'
'', '', 'TIOGA PKWY', 'COLL', '161'
'', '', 'BUSH ST', 'COLL', '162'
'', '', 'EDMONDSON AVE', 'PART', '163'
'N', '', 'N SCHROEDER ST', 'LOC', '164'
'W', '', 'W CHASE ST', 'PART', '165'
'', '', 'SHELL ROAD', 'MART', '166'
'W', '', 'W MOUNT ROYAL AVE', 'MART', '167'
'', 'S', 'I 95 S', 'INT', '168'
'', '', 'OAKDALE ROAD', 'LOC', '169'
'', '', 'HOLLINS FERRY ROAD', 'MART', '170'
'', '', 'BALTIMORE NATIONAL PIKE', 'PART', '171'
'W', '', 'W GARRISON AVE', 'MART', '172'
'', '', 'SAINT MARY ST', 'LOC', '173'
'', 'S', 'I 895 S', 'INT', '174'
'', '', 'DUNROMING ROAD', 'LOC', '175'
'N', '', 'N FREMONT AVE', 'COLL', '176'
'W', '', 'W ROGERS AVE', 'COLL', '177'
'W', '', 'W PATAPSCO AVE', 'PART', '178'
'', '', 'WYNDHURST AVE', 'MART', '179'
'', '', 'VERA ST', 'LOC', '180'
'N', '', 'N FRANKLINTOWN ROAD', 'COLL', '181'
'W', '', 'W PRESTON ST', 'MART', '182'
'', '', 'STOKES DR', 'LOC', '183'
'', 'W', 'I 170 W', 'FWY', '184'
'', '', 'CROSS COUNTRY BLVD', 'COLL', '185'
'', '', 'ALAMEDA CIR', 'LOC', '186'
'E', '', 'E MCCOMAS ST', 'COLL', '187'
'', '', 'I 395', 'INT', '188'
'', '', 'NORTH POINT ROAD', 'MART', '189'
'', '', 'DOLPHIN ST', 'MART', '190'
'', 'S', 'I 95 S', 'INT', '191'
'', '', 'HOLABIRD AVE', 'PART', '192'
'S', '', 'S MARTIN LUTHER KING JR BLVD', 'PART', '193'
'N', '', 'N CHARLES ST', 'PART', '194'
'', '', 'MAPLETON AVE', 'LOC', '195'
'S', '', 'S CENTRAL AVE', 'MART', '196'
'', '', 'CHESAPEAKE AVE', 'COLL', '197'
'S', '', 'S MONROE ST', 'PART', '198'
'E', '', 'E MADISON ST', 'PART', '199'
'', '', 'HULL ST', 'LOC', '200'
'', '', 'CURTIS AVE', 'PART', '201'
'N', '', 'N WARWICK AVE', 'COLL', '202'
'', '', 'BRIARCLIFT ROAD', 'COLL', '203'
'N', '', 'N CENTRAL AVE', 'MART', '204'
'S', '', 'S BEECHFIELD AVE', 'COLL', '205'
'', '', 'DUDLEY AVE', 'COLL', '206'
'', '', '', 'MART', '207'
'W', '', 'W UNIVERSITY PKWY', 'MART', '208'
'W', '', 'W CATON AVE', 'COLL', '209'
'N', '', 'N ELLWOOD AVE', 'COLL', '210'
'E', '', 'E BELVEDERE AVE', 'MART', '211'
'N', '', 'N BROADWAY', 'MART', '212'
'N', '', 'N ROGERS AVE', 'COLL', '213'
'S', '', 'S FRANKLINTOWN ROAD', 'COLL', '214'
'E', '', 'E EAGER ST', 'COLL', '215'
'', '', 'AUCHENTOROLY TERR', 'PART', '216'
'', '', 'KESWICK ROAD', 'MART', '217'
'W', '', 'W MULBERRY ST', 'PART', '218'
'', '', 'ORLEANS ST', 'PART', '219'
'', '', 'I 395', 'INT', '220'
'', '', '9TH ST', 'COLL', '221'
'', '', 'OLD FREDERICK ROAD', 'COLL', '222'
'', '', 'MILLINGTON AVE', 'COLL', '223'
'', '', 'FORT ARMISTEAD ROAD', 'COLL', '224'
'', '', '', 'INT', '225'
'', '', 'METRO DR', 'LOC', '226'
'', '', '10TH ST', 'COLL', '227'
'', '', 'TOWNSEND AV', 'COLL', '228'
'E', '', 'E LOMBARD ST', 'MART', '229'
'', 'N', 'I 695 N', 'FWY', '230'
'', '', 'SAINT PAUL PL', 'PART', '231'
'', 'S', 'I 95 TUN S', 'INT', '232'
'', '', 'CROSSLAND AVE', 'COLL', '233'
'', '', 'GWYNN OAK AVE', 'MART', '234'
'', '', 'WHITELOCK ST', 'LOC', '235'
'', '', 'SINCLAIR LANE', 'MART', '236'
'', '', 'EDMONDSON AVE', 'MART', '237'
'', '', 'HARFORD AVE', 'PART', '238'
'', '', 'GRANADA AVE', 'COLL', '239'
'', '', 'NORTHWOOD DR', 'COLL', '240'
'', '', 'ARMISTEAD WAY', 'COLL', '241'
'', '', 'WEST BAY AVE', 'COLL', '242'
'', '', 'CEDONIA AVE', 'MART', '243'
'', 'N', 'I 95 N', 'INT', '244'
'E', '', 'E LOMBARD ST', 'LOC', '245'
'', '', 'STRATFORD ROAD', 'LOC', '246'
'', '', 'FOSTER AVE', 'LOC', '247'
'W', '', 'W FRANKLIN ST', 'COLL', '248'
'', '', 'WOODHAVEN AVE', 'COLL', '249'
'', '', 'KELLY AVE', 'MART', '250'
'W', '', 'W 39TH ST', 'MART', '251'
'S', '', 'S ATHOL AVE', 'MART', '252'
'', '', 'BELLE AVE', 'COLL', '253'
'', '', 'MOUNT ROYAL TERR', 'MART', '254'
'', '', 'PERRING PKWY', 'FWY', '255'
'', '', 'BAKER ST', 'LOC', '256'
'', '', 'FLEET ST', 'LOC', '257'
'', 'N', 'I 895 N', 'INT', '258'
'', '', 'NORTHWOOD DR', 'LOC', '259'
'', '', 'GUILFORD AVE', 'MART', '260'
'', '', 'CLARKS LANE', 'COLL', '261'
'S', '', 'S CLINTON ST', 'LOC', '262'
'', '', 'MCMECHEN ST', 'MART', '263'
'', '', 'BOSTON AVE', 'MART', '264'
'', '', 'SINCLAIR LANE', 'PART', '265'
'W', '', 'W MADISON ST', 'PART', '266'
'', '', 'PERRING PKWY', 'PART', '267'
'W', '', 'W LAKE AVE', 'MART', '268'
'W', '', 'W LOMBARD ST', 'PART', '269'
'', '', 'COOKS LANE', 'MART', '270'
'', '', 'RADECKE AVE', 'MART', '271'
'S', '', 'S CONKLING ST', 'COLL', '272'
'', '', 'PONCABIRD PASS', 'PART', '273'
'S', '', 'S LINWOOD AVE', 'COLL', '274'
'', '', 'HORNERS LANE', 'LOC', '275'
'S', '', 'S GREENE ST', 'MART', '276'
'', '', 'SEVEN MILE LANE', 'COLL', '277'
'', '', 'BROENING HWY', 'PART', '278'
'', '', 'SAINT ALBANS WAY', 'COLL', '279'
'', '', 'MCCULLOH ST', 'PART', '280'
'', '', 'CLUB ROAD', 'LOC', '281'
'S', '', 'S HAVEN ST', 'MART', '282'
'', '', 'LIGHT ST', 'PART', '283'
'S', '', 'S CAROLINE ST', 'COLL', '284'
'', '', 'WILKENS AVE', 'COLL', '285'
'', '', 'BRADDISH AVE', 'COLL', '286'
'N', '', 'N PULASKI ST', 'COLL', '287'
'', '', 'ELLERSLIE AVE', 'COLL', '288'
'E', '', 'E UNIVERSITY PKWY', 'PART', '289'
'', '', 'WALKER AVE', 'COLL', '290'
'', '', 'GLENDALE AVE', 'COLL', '291'
'N', '', 'N WOLFE ST', 'PART', '292'
'', '', 'PARK AVE', 'COLL', '293'
'N', '', 'N BEECHFIELD AVE', 'COLL', '294'
'N', '', 'N HOWARD ST', 'COLL', '295'
'', 'N', 'I 95 TUN N', 'INT', '296'
'', '', 'MARTINGALE AVE', 'LOC', '297'
'E', '', 'E 36TH ST', 'COLL', '298'
'W', '', 'W CROSS ST', 'COLL', '299'
'', '', 'WINSTON AVE', 'COLL', '300'
'E', '', 'E LOMBARD ST', 'PART', '301'
'S', '', 'S HIGHLAND AVE', 'PART', '302'
'', '', 'CROSS COUNTRY BLVD', 'COLL', '303'
'N', '', 'N CAROLINE ST', 'COLL', '304'
'', '', 'WESTERN RUN DR', 'COLL', '305'
'N', '', 'N CAREY ST', 'MART', '306'
'', '', 'JOH AVE', 'COLL', '307'
'S', '', 'S ELLWOOD AVE', 'COLL', '308'
'', '', 'ELLERSLIE AVE', 'LOC', '309'
'W', '', 'W MULBERRY ST', 'COLL', '310'
'N', '', 'N GAY ST', 'PART', '311'
'S', '', 'S NEWKIRK ST', 'MART', '312'
'W', '', 'W LAFAYETTE AVE', 'MART', '313'
'E', '', 'E HOFFMAN ST', 'COLL', '314'
'W', '', 'W PRATT ST', 'PART', '315'
'', '', 'PARK AVE', 'MART', '316'
'', 'N', 'I 95 N', 'INT', '317'
'', '', 'TANEY ROAD', 'COLL', '318'
'', '', 'HILLEN ROAD', 'COLL', '319'
'', '', 'DRUID HILL AVE', 'PART', '320'
'', '', 'CHERRYLAND ROAD', 'COLL', '321'
'', '', 'GLEN AVE', 'COLL', '322'
'E', '', 'E LAFAYETTE AVE', 'MART', '323'
'', '', 'SPRINGLAKE WAY', 'COLL', '324'
'E', '', 'E FORT AVE', 'MART', '325'
'', '', 'CHINQUAPIN PKWY', 'MART', '326'
'', '', 'PENNSYLVANIA AVE', 'MART', '327'
'', 'E', 'I 170 E', 'FWY', '328'
'', '', 'EXETER HALL AVE', 'MART', '329'
'', '', 'PULASKI HWY', 'MART', '330'
'N', '', 'N HOWARD ST', 'MART', '331'
'', '', 'NORTH POINT ROAD', 'PART', '332'
'', '', 'ROUND ROAD', 'COLL', '333'
'N', '', 'N BENTALOU ST', 'COLL', '334'
'', '', 'PATTERSON AVE', 'MART', '335'
'', '', '2ND ST', 'LOC', '336'
'W', '', 'W FRANKLIN ST', 'PART', '337'
'S', '', 'S GREENE ST', 'PART', '338'
'', '', 'ORCHARD RIDGE BLVD', 'COLL', '339'
'W', '', 'W BALTIMORE ST', 'MART', '340'
'S', '', 'S HIGHLAND AVE', 'MART', '341'
'S', '', 'S MONROE ST', 'FWY', '342'
'', '', 'HILLSDALE ROAD', 'MART', '343'
'S', '', 'S PONCA ST', 'PART', '344'
'W', '', 'W HILL ST', 'LOC', '345'
'', '', 'HAWKINS POINT ROAD', 'LOC', '346'
'W', '', 'W LEXINGTON ST', 'COLL', '347'
'E', '', 'E FEDERAL ST', 'LOC', '348'
'', '', 'SOUTH ST', 'PART', '349'
'S', '', 'S PACA ST', 'PART', '350'
'', '', "O'DONNELL ST CUT OFF", 'MART', '351'
'E', '', 'E LAKE AVE', 'MART', '352'
'', '', 'GUNTHER AVE', 'LOC', '353'
'', '', 'HOMELAND AVE', 'MART', '354'
'', '', 'WINANS WAY', 'COLL', '355'
'', '', 'I 395', 'INT', '356'
'N', '', 'N HILTON ST', 'PART', '357'
'', '', 'GERMAN HILL ROAD', 'MART', '358'
'W', '', 'W CROSS ST', 'LOC', '359'
'S', '', 'S EUTAW ST', 'MART', '360'
'E', '', 'E EAGER ST', 'LOC', '361'
'', '', 'FALLSWAY', 'MART', '362'
'', '', 'WINNER AVE', 'COLL', '363'
'', '', 'MCCLEAN BLVD', 'MART', '364'
'', '', 'CHESAPEAKE AVE', 'COLL', '365'
'', '', 'CATHEDRAL ST', 'LOC', '366'
'E', '', 'E 34TH ST', 'LOC', '367'
'N', '', 'N DUKELAND ST', 'LOC', '368'
'', '', 'HARBOR TUN', 'INT', '369'
'S', '', 'S CALVERT ST', 'PART', '370'
'', 'N', 'I 95 N', 'INT', '371'
'E', '', 'E 36TH ST', 'LOC', '372'
'', '', 'HEMLOCK AVE', 'COLL', '373'
'S', '', 'S CAREY ST', 'MART', '374'
'E', '', 'E PATAPSCO AVE', 'PART', '375'
'', '', 'GWYNN OAK AVE', 'LOC', '376'
'N', '', 'N WASHINGTON PL', 'MART', '377'
'S', '', 'S WOLFE ST', 'PART', '378'
'W', '', 'W 28TH ST', 'PART', '379'
'', '', 'PARKVIEW AVE', 'COLL', '380'
'', '', 'SAINT ALBANS WAY', 'LOC', '381'
'', '', 'CLIFTON AVE', 'COLL', '382'
'', '', 'CATHEDRAL ST', 'MART', '383'
'', '', 'REMINGTON AVE', 'MART', '384'
'', '', 'WINDSOR MILL ROAD', 'LOC', '385'
'', '', 'BAYARD ST', 'COLL', '386'
'', '', 'PINE HEIGHTS AVE', 'COLL', '387'
'', '', 'WOODLEA AVE', 'COLL', '388'
'E', '', 'E 35TH ST', 'LOC', '389'
'', '', 'FRANKFORD AVE', 'COLL', '390'
'', '', 'CHARLTON AVE', 'COLL', '391'
'S', '', 'S PRESIDENT ST', 'FWY', '392'
'', '', 'MARYLAND AVE', 'MART', '393'
'', '', 'LYNDHURST AVE', 'COLL', '394'
'W', '', 'W FAYETTE ST', 'MART', '395'
'', '', 'MORAVIA ROAD', 'FWY', '396'
'N', '', 'N FRANKLINTOWN ROAD', 'MART', '397'
'E', '', 'E FEDERAL ST', 'MART', '398'
'', '', 'PIONEER DR', 'COLL', '399'
'N', '', 'N PACA ST', 'MART', '400'
'E', '', 'E MOUNT ROYAL AVE', 'MART', '401'
'S', '', 'S HILTON ST', 'PART', '402'
'N', '', 'N WOODINGTON ROAD', 'COLL', '403'
'', '', 'RAMSAY ST', 'COLL', '404'
'', '', 'EDGEVALE ROAD', 'COLL', '405'
'', '', 'WILKENS AVE', 'MART', '406'
'', '', 'CHERRY HILL ROAD', 'COLL', '407'
'', '', 'BAYLIS ST', 'LOC', '408'
'', '', 'FORT SMALLWOOD ROAD', 'PART', '409'
'', '', 'GREENWAY', 'COLL', '410'
'', '', 'RAMP', 'COLL', '411'
'', '', 'HILLEN ST', 'PART', '412'
'', '', 'BRADDISH AVE', 'LOC', '413'
'', '', 'TAMARIND ROAD', 'LOC', '414'
'W', '', 'W FORT AVE', 'MART', '415'
'', 'N', 'I 95 N', 'INT', '416'
'', '', 'LIGHT ST', 'MART', '417'
'E', '', 'E NORTH AVE', 'PART', '418'
'', '', 'QUINTON ST', 'COLL', '419'
'', '', 'SMITH AVE', 'MART', '420'
'', '', '', 'PART', '421'
'S', '', 'S MONASTERY AVE', 'COLL', '422'
'E', '', 'E CENTRE ST', 'PART', '423'
'', '', 'EDMONDSON AVE', 'COLL', '424'
'N', '', 'N HAVEN ST', 'PART', '425'
'', '', 'RIDGEWOOD ROAD', 'LOC', '426'
'E', '', 'E 35TH ST', 'COLL', '427'
'N', '', 'N MONASTERY AVE', 'COLL', '428'
'', '', 'WOODLAND AVE', 'COLL', '429'
'', '', '6TH ST', 'COLL', '430'
'W', '', 'W 33RD ST', 'MART', '431'
'', 'N', 'I 95 N', 'INT', '432'
'', '', 'HARVEST ROAD', 'COLL', '433'
'S', '', 'S WOLFE ST', 'COLL', '434'
'', '', 'ECHODALE AVE', 'MART', '435'
'', '', 'AILSA AVE', 'COLL', '436'
'', '', 'OLDHAM ST', 'MART', '437'
'N', '', 'N SCHROEDER ST', 'COLL', '438'
'', '', 'LANCASTER ST', 'COLL', '439'
'E', '', 'E CHASE ST', 'PART', '440'
'', 'S', 'I 95 S', 'INT', '441'
'N', '', 'N GAY ST', 'MART', '442'
'', '', 'CLUB ROAD', 'LOC', '443'
'', 'N', 'I 95 N', 'INT', '444'
'', 'N', 'I 395 N', 'INT', '445'
'', '', 'CHINQUAPIN PKWY', 'COLL', '446'
'', '', 'HOLABIRD AVE', 'LOC', '447'
'E', '', 'E 20TH ST', 'PART', '448'
'', '', 'FORDLEIGH ROAD', 'LOC', '449'
'S', '', 'S CLINTON ST', 'MART', '450'
'', '', 'INTERSTATE AVE', 'PART', '451'
'W', '', 'W MCCOMAS ST', 'MART', '452'
'', '', 'TALBOT ROAD', 'COLL', '453'
'E', '', 'E PLEASANT ST', 'PART', '454'
'', '', 'PIMLICO ROAD', 'MART', '455'
'', '', 'PRESSTMAN ST', 'COLL', '456'
'', '', 'GORSUCH AVE', 'COLL', '457'
'', '', 'BRUNSWICK ST', 'COLL', '458'
'E', '', 'E HOFFMAN ST', 'COLL', '459'
'', '', 'WHITE AVE', 'COLL', '460'
'', 'S', 'I 95 S', 'INT', '461'
'E', '', 'E SARATOGA ST', 'MART', '462'
'E', '', 'E MONTGOMERY ST', 'PART', '463'
'', '', 'WINDSOR MILL ROAD', 'MART', '464'
'', '', "O'DONNELL ST", 'PART', '465'
'', '', 'SIPPLE AVE', 'COLL', '466'
'E', '', 'E 32ND ST', 'PART', '467'
'', '', 'SCOTT ST', 'COLL', '468'
'W', '', 'W STRATHMORE AVE', 'COLL', '469'
'', '', 'SPRINGARDEN DR', 'COLL', '470'
'', '', 'YALE AVE', 'COLL', '471'
'', '', 'OAKFIELD AVE', 'COLL', '472'
'', '', 'QUAD AVE', 'LOC', '473'
'', '', 'FREDERICK ROAD', 'PART', '474'
'', '', 'ELSINORE AVE', 'LOC', '475'
'', '', 'EASTERN PKWY', 'COLL', '476'
'', '', 'PLAINFIELD AVE', 'LOC', '477'
'N', '', 'N HILTON ST', 'LOC', '478'
'', '', 'ANNAPOLIS ROAD', 'MART', '479'
'N', '', 'N PINE ST', 'COLL', '480'
'', '', 'POTEE ST', 'PART', '481'
'', '', 'AISQUITH ST', 'MART', '482'
'', '', 'BLOOMINGDALE ROAD', 'COLL', '483'
'N', '', 'N GREENE ST', 'MART', '484'
'', '', 'MONTEBELLO TERR', 'LOC', '485'
'', '', 'FAIRFIELD ROAD', 'LOC', '486'
'', '', 'GILRAY DR', 'LOC', '487'
'E', '', 'E HOFFMAN ST', 'LOC', '488'
'', '', 'RAMP', 'FWY', '489'
'E', '', 'E 43RD ST', 'COLL', '490'
'N', '', 'N CULVER ST', 'COLL', '491'
'N', '', 'N CHARLES ST', 'LOC', '492'
'E', '', 'E PLEASANT ST', 'MART', '493'
'', '', 'HUNTINGDON AVE', 'MART', '494'
'E', '', 'E MCCOMAS ST', 'MART', '495'
'', '', 'BREHMS LANE', 'LOC', '496'
'W', '', 'W FRANKLIN ST', 'PART', '497'
'', '', 'ART MUSEUM DR', 'MART', '498'
'', 'S', 'I 95 S', 'INT', '499'
'', '', 'WILMARCO AVE', 'LOC', '500'
'', '', '', 'COLL', '501'
'', '', '', 'MART', '502'
'S', '', 'S BROADWAY', 'MART', '503'
'', '', 'KEITH AVE', 'MART', '504'
'', '', 'FALLSTAFF ROAD', 'COLL', '505'
'', '', 'LINKWOOD ROAD', 'COLL', '506'
'E', '', 'E FRANKLIN ST', 'PART', '507'
'W', '', 'W LAFAYETTE AVE', 'COLL', '508'
'', '', 'EVERGREEN ST', 'COLL', '509'
'', '', 'I 395', 'INT', '510'
'S', '', 'S CHARLES ST', 'PART', '511'
'', '', 'CHERRY HILL ROAD', 'COLL', '512'
'S', '', 'S PACA ST', 'MART', '513'
'', '', 'ASIATIC AVE', 'LOC', '514'
'', '', 'GUILFORD AVE', 'PART', '515'
'', '', 'I 395', 'INT', '516'
'N', '', 'N WASHINGTON ST', 'MART', '517'
'', '', 'HAZELWOOD AVE', 'MART', '518'
'', '', 'SOUTHERN AVE', 'LOC', '519'
'', '', 'NORTHBRIDGE AVE', 'LOC', '520'
'W', '', 'W FOREST PARK AVE', 'MART', '521'
'', '', 'SEQUOIA AVE', 'COLL', '522'
'', '', 'RAMP', 'MART', '523'
'', 'N', 'I 95 N', 'INT', '524'
'W', '', 'W CONWAY ST', 'PART', '525'
'', '', 'MANNINGTON AVE', 'LOC', '526'
'', '', 'I 95', 'INT', '527'
'', '', 'WABASH AVE', 'COLL', '528'
'', '', 'HILLEN ST', 'LOC', '529'
'', '', 'FALLSTAFF ROAD', 'MART', '530'
'', '', 'KEY AVE', 'LOC', '531'
'', '', 'GLENGYLE AVE', 'LOC', '532'
'', '', 'EFFICIENCY WAY', 'COLL', '533'
'E', '', 'E 24TH ST', 'COLL', '534'
'', '', 'DOLPHIN ST', 'COLL', '535'
'E', '', 'E HUGHES ST', 'LOC', '536'
'', '', 'FALLS CLIFF ROAD', 'LOC', '537'
'', '', 'WHITELOCK ST', 'COLL', '538'
'', 'S', 'I 95 S', 'INT', '539'
'', '', 'CROSS COUNTRY BLVD', 'MART', '540'
'W', '', 'W LANVALE ST', 'MART', '541'
'', '', 'DRUID PARK DR', 'COLL', '542'
'S', '', 'S WASHINGTON ST', 'MART', '543'
'S', '', 'S FULTON AVE', 'PART', '544'
'', '', 'WINSTON AVE', 'LOC', '545'
'', '', 'RAMP', 'LOC', '546'
'', '', 'DENVIEW WAY', 'LOC', '547'
'', '', '', 'COLL', '548'
'', '', 'GEORGETOWN ROAD', 'COLL', '549'
'S', '', 'S WARWICK AVE', 'COLL', '550'
'', '', '', 'MART', '551'
'', '', 'KANE ST', 'MART', '552'
'', '', 'GELSTON DR', 'LOC', '553'
'', '', 'RAMP', 'COLL', '554'
'', '', 'RAMP', 'MART', '555'
'', '', 'KEY AVE', 'COLL', '556'
'E', '', 'E CHASE ST', 'LOC', '557'
'', 'N', 'I 95 N', 'INT', '558'
'', '', 'BENSON AVE', 'COLL', '559'
'W', '', 'W 36TH ST', 'COLL', '560'
'', '', 'KELLY AVE', 'LOC', '561'
'', 'S', 'I 695 S', 'FWY', '562'
'', '', 'AILSA AVE', 'COLL', '563'
'N', '', 'N FULTON AVE', 'MART', '564'
'', '', 'AISQUITH ST', 'LOC', '565'
'', '', 'MOSHER ST', 'LOC', '566'
'', '', 'MAUDE AVE', 'COLL', '567'
'N', '', 'N CONKLING ST', 'COLL', '568'
'S', '', 'S KRESSON ST', 'LOC', '569'
'', '', 'BREHMS LANE', 'COLL', '570'
'E', '', 'E UNIVERSITY PKWY', 'MART', '571'
'E', '', 'E EAGER ST', 'MART', '572'
'', '', 'KESWICK ROAD', 'COLL', '573'
'N', '', 'N ATHOL AVE', 'MART', '574'
'N', '', 'N CAREY ST', 'LOC', '575'
'', 'N', 'I 95 N', 'INT', '576'
'', '', 'BONAPARTE AVE', 'MART', '577'
'', '', 'WABASH AVE', 'PART', '578'
'', '', 'UPLANDS PKWY', 'COLL', '579'
'', 'S', 'I 83 S', 'PART', '580'
'S', '', 'S CLINTON ST', 'LOC', '581'
'', '', 'HUNTING PL', 'LOC', '582'
'', '', 'HORNERS LANE', 'COLL', '583'
'', '', 'WASHINGTON BLVD', 'MART', '584'
'N', '', 'N KRESSON ST', 'LOC', '585'
'N', '', 'N HILTON ST', 'PART', '586'
'S', '', 'S GAY ST', 'PART', '587'
'S', '', 'S CHARLES ST', 'MART', '588'
'', '', 'RAMP', 'MART', '589'
'', '', 'JENIFER AVE', 'PART', '590'
'', '', 'MOYER AVE', 'COLL', '591'
'', '', 'ASHLAND AVE', 'COLL', '592'
'', '', 'GOODWOOD GARDEN', 'COLL', '593'
'N', '', 'N HILTON ST', 'LOC', '594'
'E', '', 'E WELLS ST', 'LOC', '595'
'S', '', 'S CHARLES ST', 'MART', '596'
'S', '', 'S HOWARD ST', 'PART', '597'
'W', '', 'W 24TH ST', 'COLL', '598'
'', '', 'I 70', 'INT', '599'
'', '', 'WASHINGTON PL', 'MART', '600'
'S', '', 'S PATTERSON PARK AVE', 'MART', '601'
'', '', '', 'MART', '602'
'', '', 'GORSUCH AVE', 'LOC', '603'
'E', '', 'E PATAPSCO AVE', 'MART', '604'
'', '', 'TALBOT ROAD', 'LOC', '605'
'', '', 'RAMP', 'INT', '606'
'S', '', 'S SCHROEDER ST', 'COLL', '607'
'', 'S', 'I 95 S', 'INT', '608'
'', '', 'VICTORY AVE', 'LOC', '609'
'W', '', 'W EAGER ST', 'MART', '610'
'', '', 'HILLSDALE ROAD', 'LOC', '611'
'', 'S', 'I 395 S', 'INT', '612'
'', '', 'BROENING HWY', 'LOC', '613'
'', '', 'MCCLEAN BLVD', 'COLL', '614'
'', '', 'HULL ST', 'COLL', '615'
'', '', 'WESTCHESTER ROAD', 'COLL', '616'
'S', '', 'S SHARP ST', 'MART', '617'
'', 'N', 'I 95 N', 'INT', '618'
'', '', 'MARYDELL ROAD', 'LOC', '619'
'', '', 'CLIFTON ROAD', 'COLL', '620'
'', '', 'GUNTHER AVE', 'COLL', '621'
'E', '', 'E 29TH ST', 'PART', '622'
'', '', 'WHITMAN DR', 'MART', '623'
'W', '', 'W READ ST', 'PART', '624'
'', '', 'MOSHER ST', 'LOC', '625'
'N', '', 'N LIBERTY ST', 'MART', '626'
'', '', 'HILLBURN AVE', 'COLL', '627'
'', '', 'WESTBROOK ROAD', 'LOC', '628'
'E', '', 'E BALTIMORE ST', 'COLL', '629'
'', '', 'RAMP', 'PART', '630'
'W', '', 'W FRANKLIN ST', 'FWY', '631'
'', '', 'ENSOR ST', 'PART', '632'
'', '', 'PINKNEY ROAD', 'LOC', '633'
'', '', 'WABASH AVE', 'LOC', '634'
'', '', 'BREHMS LANE', 'PART', '635'
'', '', 'OLD NORTHBRIDGE AVE', 'LOC', '636'
'', '', 'FORREST ST', 'LOC', '637'
'', '', 'RELCREST ROAD', 'LOC', '638'
'W', '', 'W BIDDLE ST', 'PART', '639'
'', '', 'BERNARD DR', 'COLL', '640'
'', '', 'BERWYN AVE', 'LOC', '641'
'S', '', 'S GILMOR ST', 'COLL', '642'
'', '', 'REEDBIRD AVE', 'COLL', '643'
'', '', 'ALRICKS WAY', 'COLL', '644'
'', '', '', 'COLL', '645'
'', '', 'HOMEWOOD AVE', 'COLL', '646'
'E', '', 'E NORTH AVE', 'LOC', '647'
'', '', 'GILRAY DR', 'COLL', '648'
'', '', 'HAZELWOOD AVE', 'COLL', '649'
'E', '', 'E LOMBARD ST', 'PART', '650'
'', '', 'CHILDS ST', 'LOC', '651'
'', 'S', 'I 95 S', 'INT', '652'
'', '', 'BRADDISH AVE', 'COLL', '653'
'', '', 'ELDORADO AVE', 'COLL', '654'
'', '', 'ALLENDALE ST', 'LOC', '655'
'', 'S', 'I 95 S', 'INT', '656'
'N', '', 'N FREMONT AVE', 'LOC', '657'
'S', '', 'S HOWARD ST', 'INT', '658'
'', '', 'WHITE AVE', 'LOC', '659'
'', '', 'I 95', 'INT', '660'
'', '', '', 'COLL', '661'
'', '', 'DRUID PARK DR', 'MART', '662'
'', '', 'TAMARIND ROAD', 'COLL', '663'
'', '', 'SEAMON AVE', 'COLL', '664'
'', '', 'AISQUITH ST', 'LOC', '665'
'', '', '', 'INT', '666'
'', '', 'I 95', 'INT', '667'
'E', '', 'E WELLS ST', 'MART', '668'
'', '', 'ANDRE ST', 'LOC', '669'
'E', '', 'E CONWAY ST', 'PART', '670'
'', '', 'CALLAWAY AVE', 'LOC', '671'
'', 'N', 'I 95 N', 'INT', '672'
'', '', 'RAMP', 'INT', '673'
'', '', 'POWHATAN AVE', 'COLL', '674'
'', '', 'BERWYN AVE', 'MART', '675'
'', '', 'ARMSTRONG AVE', 'LOC', '676'
'', '', 'I 95', 'INT', '677'
'', '', 'CLUB ROAD', 'COLL', '678'
'W', '', 'W 40TH ST', 'MART', '679'
'', '', 'LYON ST', 'COLL', '680'
'', '', 'I 395', 'INT', '681'
'', 'S', 'I 95 S', 'INT', '682'
'', '', 'KEY HWY E', 'MART', '683'
'', '', 'RAMP', 'FWY', '684'
'', '', 'TODD AVE', 'LOC', '685'
'', '', 'FORDS LANE', 'COLL', '686'
'', '', 'DESOTO ROAD', 'MART', '687'
'', '', 'CURTAIN AVE', 'PART', '688'
'', '', 'HILLBURN AVE', 'LOC', '689'
'', '', 'HOPKINS PL', 'MART', '690'
'N', '', 'N ROCK GLEN ROAD', 'COLL', '691'
'W', '', 'W COLD SPRING LANE', 'MART', '692'
'', '', 'CHESHOLM ROAD', 'LOC', '693'
'', '', 'HILLSIDE ROAD', 'COLL', '694'
'N', '', 'N GAY ST', 'LOC', '695'
'', 'S', 'I 95 S', 'INT', '696'
'W', '', 'W 24TH ST', 'LOC', '697'
'', '', 'WOODBOURNE AVE', 'COLL', '698'
'', 'N', 'I 95 N', 'INT', '699'
'', '', 'HILTON ROAD', 'PART', '700'
'', '', 'SWANN AVE', 'COLL', '701'
'', '', 'OAKDALE ROAD', 'COLL', '702'
'', '', 'HOLLIDAY ST', 'LOC', '703'
'', '', 'NEWGATE AVE', 'LOC', '704'
'N', '', 'N KRESSON ST', 'LOC', '705'
'N', '', 'N FULTON AVE', 'PART', '706'
'', '', 'CHESAPEAKE AVE', 'LOC', '707'
'', '', 'PLAINFIELD AVE', 'COLL', '708'
'S', '', 'S HANOVER ST', 'LOC', '709'
'', 'N', 'I 95 N', 'INT', '710'
'', '', 'RAMP', 'PART', '711'
'', '', 'I 95', 'INT', '712'
'', '', '', 'INT', '713'
'', '', '', 'MART', '714'
'', 'N', 'I 395 N', 'INT', '715'
'', '', 'PREAKNESS WAY', 'COLL', '716'
'', '', 'RAMP', 'PART', '717'
'', '', 'LAKE DR', 'MART', '718'
'N', '', 'N HAVEN ST', 'COLL', '719'
'', '', 'WALTHER-PEMBROKE AVE', 'MART', '720'
'S', '', 'S LOUDON AVE', 'LOC', '721'
'', '', 'ELLICOTT DWY', 'MART', '722'
'', 'N', 'I 95 N', 'INT', '723'
'', '', 'SOUTHWESTERN BLVD', 'PART', '724'
'', 'N', 'I 95 N', 'INT', '725'
'', '', 'I 395', 'INT', '726'
'', '', 'SAINT LO DR', 'MART', '727'
'', '', '', 'COLL', '728'
'W', '', 'W 33RD ST', 'MART', '729'
'', '', 'CHARLCOTE ROAD', 'MART', '730'
'', '', 'FRANKFORD ROAD', 'MART', '731'
'', 'S', 'I 95 S', 'INT', '732'
'', '', 'MILLINGTON AVE', 'LOC', '733'
'', '', '', 'LOC', '734'
'', '', 'BLOOMINGDALE ROAD', 'MART', '735'
'', '', 'SISSON ST', 'COLL', '736'
'', 'S', 'I 95 S', 'INT', '737'
'', '', 'BRUNSWICK ST', 'LOC', '738'
'', '', 'RAMP', 'PART', '739'
'W', '', 'W 33RD ST', 'LOC', '740'
'', '', 'HARTSDALE ROAD', 'COLL', '741'
'', '', 'CURRAN DR', 'MART', '742'
'', '', 'I 395', 'INT', '743'
'E', '', 'E OSTEND ST', 'MART', '744'
'S', '', 'S CULVER ST', 'COLL', '745'
'N', '', 'N WASHINGTON ST', 'MART', '746'
'', '', 'I 395', 'INT', '747'
'', '', 'RAMP', 'PART', '748'
'', 'N', 'I 95 N', 'INT', '749'
'', '', 'THE ALAMEDA', 'COLL', '750'
'', '', 'TALBOT ROAD', 'COLL', '751'
'', '', 'HOOPER AVE', 'MART', '752'
'', 'S', 'I 95 S', 'INT', '753'
'N', '', 'N PRESIDENT ST', 'FWY', '754'
'W', '', 'W CAMDEN ST', 'MART', '755'
'W', '', 'W 36TH ST', 'LOC', '756'
'', 'N', 'I 95 N', 'INT', '757'
'', '', 'NEWKIRK ST', 'MART', '758'
'', '', 'RAMP', 'PART', '759'
'', '', 'FRANKFORD AVE', 'LOC', '760'
'', '', 'POWHATAN AVE', 'LOC', '761'
'', '', 'MOYER AVE', 'LOC', '762'
'', '', '', 'INT', '763'
'', '', 'GREENWAY', 'LOC', '764'
'W', '', 'W 25TH ST', 'MART', '765'
'', 'N', 'I 95 N', 'INT', '766'
'', '', 'I 95', 'INT', '767'
'', '', '', 'MART', '768'
'', 'N', 'I 95 N', 'INT', '769'
'', '', 'PONCA', 'PART', '770'
'E', '', 'E CHASE ST', 'COLL', '771'
'', '', 'STOKES DR', 'COLL', '772'
'', '', '', 'INT', '773'
'', '', 'RAMP', 'FWY', '774'
'', '', '', 'FWY', '775'
'N', '', 'N WASHINGTON ST', 'MART', '776'
'', '', 'SHERWOOD ROAD', 'COLL', '777'
'', '', 'WALLACE ST', 'LOC', '778'
'', 'N', 'I 95 N', 'INT', '779'
'', '', 'CHEMICAL ROAD', 'LOC', '780'
'', '', 'RAMP', 'PART', '781'
'', '', 'TALBOT ROAD', 'COLL', '782'
'', '', 'AISQUITH-HARFORD', 'LOC', '783'
'E', '', 'E NORTH AVE', 'COLL', '784'
'', '', 'GREELY ROAD', 'MART', '785'
'E', '', 'E 20TH ST', 'LOC', '786'
'', '', 'OAKLEAF AVE', 'LOC', '787'
'', '', 'CLIPPER MILL ROAD', 'COLL', '788'
'E', '', 'E MOUNT VERNON PL', 'MART', '789'
'', '', 'CLIPPER ROAD', 'COLL', '790'
'', 'S', 'I 95 S', 'INT', '791'
'', 'S', 'I 95 S', 'INT', '792'
'', '', 'SAINT PAUL ST', 'PART', '793'
'S', '', 'S PONCA ST', 'LOC', '794'
'', '', 'CHEDWORTH LANE', 'LOC', '795'
'', '', 'QUARANTINE ROAD', 'LOC', '796'
'', '', 'NEWGATE AVE', 'MART', '797'
'', '', '', 'COLL', '798'
'', 'S', 'I 95 S', 'INT', '799'
'', '', 'RAMP', 'COLL', '800'
'', 'N', 'I 95 N', 'INT', '801'
'W', '', 'W HUGHES ST', 'PART', '802'
'', '', 'SURREY DR', 'LOC', '803'
'', 'S', 'I 95 S', 'INT', '804'
'', 'N', 'I 95 N', 'INT', '805'
'', '', 'HERRING RUN DR', 'COLL', '806'
'', '', 'FRANKFURST AVE', 'LOC', '807'
'N', '', 'N KRESSON ST', 'COLL', '808'
'', 'S', 'I 83 S', 'MART', '809'
'', '', 'FRANKFURST AVE', 'MART', '810'
'', '', '4TH AVE', 'LOC', '811'
'', '', 'EAGLE ST', 'MART', '812'
'', '', 'I 395', 'INT', '813'
'', '', 'OAKDALE ROAD', 'LOC', '814'
'', 'N', 'I 95 N', 'INT', '815'
'', 'S', 'I 95 S', 'INT', '816'
'E', '', 'E PRATT ST', 'PART', '817'
'', '', 'VAIL ST', 'LOC', '818'
'', '', 'RAMP', 'PART', '819'
'', '', 'FALLS ROAD', 'COLL', '820'
'', '', 'WYMAN PARK DR', 'MART', '821'
'', '', 'NORTHBRIDGE AVE', 'COLL', '822'
'', '', '', 'MART', '823'
'N', '', 'N FULTON AVE', 'LOC', '824'
'', '', 'JOHN F KENNEDY MEMORIAL HWY', 'INT', '825'
'', '', 'STATE HWY 173', 'PART', '826'
'', '', 'NORTHWAY', 'COLL', '827'
'', '', 'GWYNNS FALLS PKWY', 'COLL', '828'
'S', '', 'S MONROE ST', 'MART', '829'
'', '', 'FLEETWOOD AVE', 'PART', '830'
'S', '', 'S HOWARD ST', 'COLL', '831'
'', 'S', 'I 95 S', 'INT', '832'
'', 'S', 'I 95 S', 'INT', '833'
'', 'N', 'I 95 N', 'INT', '834'
'', '', 'RAMP', 'FWY', '835'
'', '', 'PARK AVE', 'PART', '836'
'', '', 'FAIRFIELD ROAD', 'COLL', '837'
'', '', 'CLIFTON AVE', 'MART', '838'
'', 'S', 'I 95 S', 'INT', '839'
'', 'N', 'I 95 N', 'INT', '840'
'', 'S', 'I 95 S', 'INT', '841'
'', '', 'ARUNDEL COVE AVE', 'LOC', '842'
'', 'S', 'I 95 S', 'INT', '843'
'', '', '', 'MART', '844'
'', 'N', 'I 95 N', 'INT', '845'
'', '', 'I 95', 'INT', '846'
'', '', 'ALRICKS WAY', 'LOC', '847'
'', '', '', 'PART', '848'
'', '', 'DOCK ROAD', 'LOC', '849'
'', '', 'RAMP', 'LOC', '850'
'', '', 'RAMSAY ST', 'LOC', '851'
'', '', 'RAMP', 'MART', '852'
'', 'N', 'I 95', 'INT', '853'
'W', '', 'W WELLS ST', 'MART', '854'
'', '', 'GELSTON DR', 'COLL', '855'
'S', '', 'S BROADWAY', 'COLL', '856'
'', 'S', 'I 95 S', 'INT', '857'
'', 'S', 'I 95 S', 'INT', '858'
'', '', '', 'PART', '859'
'', '', 'FAIRING CT', 'COLL', '860'
'', 'N', 'I 95 N', 'INT', '861'
'W', '', 'W CAMDEN ST', 'COLL', '862'
'', 'N', 'I 95 N', 'INT', '863'
'E', '', 'E 28TH ST', 'MART', '864'
'', '', 'HAZELWOOD AVE', 'MART', '865'
'', 'N', 'I 95 N', 'INT', '866'
'', '', 'I 95', 'INT', '867'
'', '', 'I 95', 'INT', '867'
'', '', '', 'MART', '868'
'', '', 'LELAND AVE', 'LOC', '869'
'', '', 'RUSSELL ST', 'FWY', '870'
'', '', 'MORAVIA PARK DR', 'COLL', '871'
'', '', 'I 895', 'INT', '872'
'', 'N', 'I 95', 'INT', '873'
'', '', 'RAMP', 'FWY', '874'
'', '', 'RAMP', 'INT', '875'
'', '', 'LAURELTON AVE', 'LOC', '876'
'', 'E', 'KEY HWY E', 'LOC', '877'
'', '', 'THAMES ST', 'COLL', '878'
'S', '', 'S HANOVER', 'PART', '879'
'', '', '', 'MART', '880'
'', '', 'PONCA ST', 'PART', '881'
'', '', 'HAYWARD AVE', 'LOC', '882'
'', '', 'WALTHER-ALLEY-PEMBROKE AVE', 'MART', '883'
'', 'N', 'I 95 N', 'INT', '884'
'', '', 'PURNELL DR', 'COLL', '885'
'', '', 'I 95', 'INT', '886'
'', 'S', 'I 95 S', 'INT', '887'
'', '', 'RAMP', 'MART', '888'
'', '', 'ATHOLWOOD LANE', 'LOC', '889'
'', 'S', 'I 95 S', 'INT', '890'
'W', '', 'W 33RD ST', 'MART', '891'
'', '', 'INDIA AVE', 'LOC', '892'
'', '', 'FALLS CLIFF ROAD', 'MART', '893'
'S', '', 'S WOLFE ST', 'MART', '894'
'S', '', 'S CHESTER ST', 'PART', '895'
'', '', 'LAURELTON AVE', 'COLL', '896'
'', '', 'RAMP', 'INT', '897'
'', 'N', 'I 95 N', 'INT', '898'
'', '', 'HAZELWOOD AVE', 'MART', '899'
'', 'N', 'I 395 N', 'INT', '900'
'S', '', 'S LAKEWOOD AVE', 'MART', '901'
'W', '', 'W MONTGOMERY ST', 'PART', '902'
'', '', 'MONTEBELLO TERR', 'COLL', '903'
'', 'N', 'I 95 N', 'INT', '904'
'', '', 'SISSON ST', 'MART', '905'
'', '', 'I 95', 'INT', '906'
'', '', 'RAMP', 'MART', '907'
'', '', 'MONROE', 'PART', '908'
'', '', 'WINCHESTER ST', 'LOC', '909'
'', '', 'ROYAL OAK AVE', 'LOC', '910'
'', '', 'RAMP', 'FWY', '911'
'', '', 'RAMP', 'MART', '912'
'W', '', 'W LEE ST', 'COLL', '913'
'', 'N', 'I 95 N', 'INT', '914'
'', '', 'WHITELOCK ST', 'LOC', '915'
'', '', 'CLIPPER ROAD', 'LOC', '916'
'', '', 'PREAKNESS WAY', 'COLL', '917'
'', '', 'PARKMONT AVE', 'COLL', '918'
'E', '', 'E 24TH ST', 'MART', '919'
'', '', 'KEY HWY', 'LOC', '920'
'S', '', 'S HANOVER ST', 'COLL', '921'
'', '', 'RAMP', 'PART', '922'
'', '', 'ELLWOOD ST', 'COLL', '923'
'', 'N', 'I 95 N', 'INT', '924'
'', '', 'LAREDO-HILLSDALE', 'LOC', '925'
'', 'N', 'I 95 N', 'INT', '926'
'', '', 'ELLERSLIE AVE', 'MART', '927'
'', 'N', 'I 95 N', 'INT', '928'
'', '', 'RAMP', 'MART', '929'
'', '', '', 'INT', '930'
'', '', 'SOUTHERN AVE', 'COLL', '931'
'', 'S', 'I 95 S', 'INT', '932'
'', '', 'FORT ARMISTEAD ROAD', 'LOC', '933'
'', '', '', 'LOC', '934'
'', '', 'LIGHT ST', 'LOC', '935'
'S', '', 'S PULASKI ST', 'MART', '936'
'', '', 'SPRINGARDEN DR', 'LOC', '937'
'', '', 'DENVIEW WAY', 'LOC', '938'
'', 'S', 'I 95 S', 'INT', '939'
'', '', 'LAKE MONTEBELLO DR', 'MART', '940'
'', '', 'MONTEREY ROAD', 'LOC', '941'
'', '', 'FRANKFURST AVE', 'LOC', '942'
'W', '', 'W FRANKLIN ST', 'FWY', '943'
'', 'S', 'I 95 S', 'INT', '944'
'', '', 'RAMP', 'FWY', '945'
'', '', 'ECHODALE AVE', 'FWY', '946'
'', '', 'RAMP', 'PART', '947'
'', '', 'I 395', 'INT', '948'
'', '', '', 'MART', '949'
'', '', 'GARDENVILLE AVE', 'COLL', '950'
'', '', 'INGLESIDE AVE', 'MART', '951'
'S', '', 'S ROCK GLEN ROAD', 'COLL', '952'
'', '', 'WINDSOR AVE', 'LOC', '953'
'', '', 'I 395', 'INT', '954'
'', '', 'I 95', 'INT', '955'
'', '', '', 'PART', '956'
'', '', 'PIERSIDE DR', 'COLL', '957'
'', 'N', 'I 95 N', 'INT', '958'
'', '', '', 'MART', '959'
'', '', '', 'INT', '960'
'', '', '', 'INT', '961'
'E', '', 'E MOUNT VERNON PL', 'MART', '962'
'', '', 'I 895', 'INT', '963'
'', 'S', 'I 95 S', 'INT', '964'
'W', '', 'W CROSS ST', 'COLL', '965'
'S', '', 'S HAVEN ST', 'PART', '966'
'', 'N', 'I 95 N', 'INT', '967'
'', '', 'KENWOOD AVE', 'MART', '968'
'', '', 'VIRGINIA AVE', 'COLL', '969'
'', '', '', 'INT', '970'
'', '', 'STAFFORD ROAD', 'LOC', '971'
'E', '', 'E LEE ST', 'PART', '972'
'', '', 'POTEE ST', 'MART', '973'
'', 'S', 'I 95 S', 'INT', '974'
'S', '', 'S CENTRAL AVE', 'COLL', '975'
'', '', 'FORREST ST', 'PART', '976'
'', '', 'ROLAND AVE', 'LOC', '977'
'', '', 'BIRCH ST', 'PART', '978'
'S', '', 'S WOLFE ST', 'LOC', '979'
'', 'S', 'I 95 S', 'INT', '980'
'N', '', 'N IRIS AVE', 'COLL', '981'
'W', '', 'W BALTIMORE ST', 'COLL', '982'
'', '', 'PRIMROSE AVE', 'LOC', '983'
'', '', 'WHITMAN DR', 'PART', '984'
'S', '', 'S DUKELAND ST', 'COLL', '985'
'', '', 'PLEASANT VIEW AVE', 'COLL', '986'
'', '', 'FORT ARMISTEAD ROAD', 'PART', '987'
'', '', '', 'PART', '988'
'', '', 'BANCROFT ROAD', 'MART', '989'
'S', '', 'S MORLEY ST', 'COLL', '990'
'', '', 'NEW VAIL ST', 'MART', '991'
'', '', 'MATHEWS ST', 'MART', '992'
'', '', '', 'PART', '993'
'', '', '', 'COLL', '994'
'N', '', 'N IRIS AVE', 'LOC', '995'
'', '', 'GOODWOOD GARDEN', 'LOC', '996'
'', '', 'CONSTELLATION PLZA', 'LOC', '997'
'E', '', 'E 20TH ST', 'COLL', '998'
'E', '', 'E FEDERAL ST', 'COLL', '999'
